{
  "accuracy": 0.5067801500288517,
  "precision": 0.4824016563146998,
  "recall": 0.03415921419146753,
  "f1": 0.06380065717415115,
  "mean_span_iou": 0.19527551981569882,
  "mean_doc_ai_score": 0.40132350442202197,
  "original_acc": 0.5067801500288517,
  "augmented_acc": 0.5399023970144969,
  "robustness_drop": -0.033122246985645254
}